"Status","Start Time","Stop Time","Duration in ms","Parent Suite","Suite","Sub Suite","Test Class","Test Method","Name","Description"
"failed","Fri Dec 15 19:39:40 UTC 2023","Fri Dec 15 19:39:41 UTC 2023","679","Camada de Integração - CI","Cadastro","Adicional","","","PIER011 - POST: /api/contas/{id}/cadastrar-adicional_nome_vazio(-)",""
"passed","Fri Dec 15 19:40:46 UTC 2023","Fri Dec 15 19:40:46 UTC 2023","751","Camada de Integração - CI","Cartão","","","","PIER088 - /api/cartoes/{id}/senhas",""
"failed","Fri Dec 15 19:35:36 UTC 2023","Fri Dec 15 19:35:36 UTC 2023","589","Camada de Integração - CI","Cadastro","Propostas","","","HEIM143 - POST: /propostas/email_invalido(-)",""
"failed","Fri Dec 15 19:36:31 UTC 2023","Fri Dec 15 19:36:31 UTC 2023","621","Camada de Integração - CI","Cadastro","Pessoas","","","PIER134 - POST: /api/pessoas-detalhes/ Validação da tag numeroagencia com digito(-)",""
"failed","Fri Dec 15 19:35:56 UTC 2023","Fri Dec 15 19:35:57 UTC 2023","619","Camada de Integração - CI","Cadastro","Propostas","","","HEIM143 - POST: /propostas/CEP_letra(-)",""
"failed","Fri Dec 15 19:36:34 UTC 2023","Fri Dec 15 19:36:34 UTC 2023","577","Camada de Integração - CI","Cadastro","Pessoas","","","PIER134 - POST: /api/pessoas-detalhes/ naturalidadeCidade_>_100_caracteres(-)",""
"failed","Fri Dec 15 19:38:24 UTC 2023","Fri Dec 15 19:38:24 UTC 2023","616","Camada de Integração - CI","Cadastro","Telefones","","","PIER138 - POST: /api/telefones_tipotelefone_branco(-)",""
"failed","Fri Dec 15 19:44:19 UTC 2023","Fri Dec 15 19:44:20 UTC 2023","659","Camada de Integração - CI","Negocio","RFN04-Gerar cartao com adicional transacional(+)","","","HEIM143 - POST: /propostas/incluir_proposta(+)",""
"passed","Fri Dec 15 19:40:53 UTC 2023","Fri Dec 15 19:40:55 UTC 2023","2002","Camada de Integração - CI","Cartão","","","","HEIM169 - POST:/api/cartoes/atualizar-estagio",""
"failed","Fri Dec 15 19:36:51 UTC 2023","Fri Dec 15 19:36:51 UTC 2023","616","Camada de Integração - CI","Cadastro","Endereços","","","PIER118 - POST: /api/enderecos/idTipoendereco_branco(-)",""
"failed","Fri Dec 15 19:38:16 UTC 2023","Fri Dec 15 19:38:16 UTC 2023","632","Camada de Integração - CI","Cadastro","Telefones","","","PIER138 - POST: /api/telefones_ddd_somente_Zero(-)",""
"failed","Fri Dec 15 19:36:02 UTC 2023","Fri Dec 15 19:36:03 UTC 2023","626","Camada de Integração - CI","Cadastro","Propostas","","","HEIM143 - POST: /propostas/id_produto_inexistente(-)",""
"passed","Fri Dec 15 19:36:38 UTC 2023","Fri Dec 15 19:36:39 UTC 2023","595","Camada de Integração - CI","Cadastro","Pessoas","","","HEIM194 - POST:/api/pessoas/atualizacao-cadastral",""
"passed","Fri Dec 15 19:39:59 UTC 2023","Fri Dec 15 19:40:00 UTC 2023","682","Camada de Integração - CI","Cadastro","Adicional","","","PIER011 - POST: /api/contas/{id}/idNacionalidade_letra(-)",""
"failed","Fri Dec 15 19:38:19 UTC 2023","Fri Dec 15 19:38:20 UTC 2023","601","Camada de Integração - CI","Cadastro","Telefones","","","PIER138 - POST: /api/telefones_telefone_com_letras_numeros(-)",""
"failed","Fri Dec 15 19:36:12 UTC 2023","Fri Dec 15 19:36:13 UTC 2023","659","Camada de Integração - CI","Cadastro","Propostas","","","HEIM143 - POST: /propostas/limiteParcelas_>_permitido(-)",""
"passed","Fri Dec 15 19:37:16 UTC 2023","Fri Dec 15 19:37:16 UTC 2023","647","Camada de Integração - CI","Cadastro","Contas","","","PIER097 - POST: /api/contas_diaVencimento_produto_topy(+)",""
"failed","Fri Dec 15 19:44:20 UTC 2023","Fri Dec 15 19:45:21 UTC 2023","61475","Camada de Integração - CI","Negocio","RFN04-Gerar cartao com adicional transacional(+)","","","PIER054 - GET: /api/pessoas",""
"failed","Fri Dec 15 19:36:01 UTC 2023","Fri Dec 15 19:36:02 UTC 2023","617","Camada de Integração - CI","Cadastro","Propostas","","","HEIM143 - POST: /propostas/id_produto_zero(-)",""
"failed","Fri Dec 15 19:38:29 UTC 2023","Fri Dec 15 19:38:30 UTC 2023","600","Camada de Integração - CI","Cadastro","Telefones","","","PIER137 - GET: /api/telefones_idPessoa_inexistente(-)",""
"failed","Fri Dec 15 19:39:51 UTC 2023","Fri Dec 15 19:39:52 UTC 2023","616","Camada de Integração - CI","Cadastro","Adicional","","","PIER011 - POST: /api/contas/{id}/cadastrar-adicional_unidadeFederativaRG_numerico(-)",""
"passed","Fri Dec 15 19:39:41 UTC 2023","Fri Dec 15 19:39:41 UTC 2023","662","Camada de Integração - CI","Cadastro","Adicional","","","PIER011 - POST: /api/contas/{id}/cadastrar-adicional_nome_impresso_vazio(-)",""
"passed","Fri Dec 15 19:45:29 UTC 2023","Fri Dec 15 19:45:30 UTC 2023","579","Camada de Integração - CI","Faturas","","","","PIER124 - GET:/api/faturas/{dataVencimento} N/A",""
"failed","Fri Dec 15 19:43:07 UTC 2023","Fri Dec 15 19:43:08 UTC 2023","621","Camada de Integração - CI","Negocio","RFN02-Cartao sem adicional transacional(+)","","","4 - PIER134 - POST: /api/pessoas-detalhes/incluir_detalhes_pessoa(+)",""
"failed","Fri Dec 15 19:37:12 UTC 2023","Fri Dec 15 19:37:12 UTC 2023","658","Camada de Integração - CI","Cadastro","Contas","","","PIER097 - POST: /api/contas_diaVencimento_32(-)",""
"failed","Fri Dec 15 19:38:24 UTC 2023","Fri Dec 15 19:38:25 UTC 2023","617","Camada de Integração - CI","Cadastro","Telefones","","","PIER138 - POST: /api/telefones_tipotelefone_invalido(-)",""
"passed","Fri Dec 15 19:38:05 UTC 2023","Fri Dec 15 19:38:06 UTC 2023","626","Camada de Integração - CI","Cadastro","Contas","","","HEIM126 - GET:/api/contas/lancamentos-ajustes /v1",""
"failed","Fri Dec 15 19:42:01 UTC 2023","Fri Dec 15 19:42:01 UTC 2023","585","Camada de Integração - CI","Negocio","RFN01-Cartao sem adicional nao transacional(+)","","","PIER118 - POST: /api/enderecos/incluir_endereco(+)",""
"failed","Fri Dec 15 19:37:33 UTC 2023","Fri Dec 15 19:37:33 UTC 2023","647","Camada de Integração - CI","Cadastro","Contas","","","PIER107 - POST:/api/contas/{id}/normalizacao",""
"failed","Fri Dec 15 19:39:56 UTC 2023","Fri Dec 15 19:39:57 UTC 2023","648","Camada de Integração - CI","Cadastro","Adicional","","","PIER011 - POST: /api/contas/{id}/idEstadoCivil_fora_dominio(-)",""
"failed","Fri Dec 15 19:36:25 UTC 2023","Fri Dec 15 19:36:26 UTC 2023","677","Camada de Integração - CI","Cadastro","Pessoas","","","PIER135 - GET: /api/pessoas-detalhes/{id}",""
"failed","Fri Dec 15 19:39:44 UTC 2023","Fri Dec 15 19:39:44 UTC 2023","711","Camada de Integração - CI","Cadastro","Adicional","","","PIER011 - POST: /api/contas/{id}/cadastrar-adicional_numeroReceitaFederal_>_14(-)",""
"passed","Fri Dec 15 19:37:06 UTC 2023","Fri Dec 15 19:37:07 UTC 2023","710","Camada de Integração - CI","Cadastro","Contas","","","PIER097 - POST: /api/contas_idPessoa_letra(-)",""
"passed","Fri Dec 15 19:38:27 UTC 2023","Fri Dec 15 19:38:27 UTC 2023","594","Camada de Integração - CI","Cadastro","Telefones","","","Pier132 - GET:/api/pessoas/{id}/historico-telefones N/A",""
"passed","Fri Dec 15 19:36:39 UTC 2023","Fri Dec 15 19:36:40 UTC 2023","573","Camada de Integração - CI","Cadastro","Pessoas","","","HEIM070 - /api/pessoas/{id}/cadastro /v1_estado_#_cidade(-)",""
"passed","Fri Dec 15 19:36:11 UTC 2023","Fri Dec 15 19:36:12 UTC 2023","620","Camada de Integração - CI","Cadastro","Propostas","","","HEIM143 - POST: /propostas/limiteParcelas_vazio(-)",""
"passed","Fri Dec 15 19:37:21 UTC 2023","Fri Dec 15 19:37:21 UTC 2023","617","Camada de Integração - CI","Cadastro","Contas","","","PIER097 - POST: /api/contas_limteMaximo_letra(-)",""
"failed","Fri Dec 15 19:40:25 UTC 2023","Fri Dec 15 19:40:26 UTC 2023","948","Camada de Integração - CI","Cadastro","Adicional","","","PIER098 - GET: /api/contas/{id}/adicionais_letra(-)",""
"passed","Fri Dec 15 19:40:29 UTC 2023","Fri Dec 15 19:40:30 UTC 2023","605","Camada de Integração - CI","Cartão","","","","PIER108 - POST: /api/contas/{id}/pessoas/{id_pessoa}/gerar-cartao_letra_id(-)",""
"passed","Fri Dec 15 19:36:15 UTC 2023","Fri Dec 15 19:36:18 UTC 2023","2628","Camada de Integração - CI","Cadastro","Pessoas","","","HEIM192 - GET:/api/pessoas/{idPessoa}/atualizacao-cadastral",""
"passed","Fri Dec 15 19:37:27 UTC 2023","Fri Dec 15 19:37:27 UTC 2023","615","Camada de Integração - CI","Cadastro","Contas","","","PIER097 - POST: /api/contas_valorRenda_letras(-)",""
"failed","Fri Dec 15 19:38:17 UTC 2023","Fri Dec 15 19:38:18 UTC 2023","633","Camada de Integração - CI","Cadastro","Telefones","","","PIER138 - POST: /api/telefones_ddd_>_2(-)",""
"passed","Fri Dec 15 19:37:10 UTC 2023","Fri Dec 15 19:37:10 UTC 2023","615","Camada de Integração - CI","Cadastro","Contas","","","PIER097 - POST: /api/contas_idOrigemComercial_letra(-)",""
"failed","Fri Dec 15 19:37:29 UTC 2023","Fri Dec 15 19:37:29 UTC 2023","616","Camada de Integração - CI","Cadastro","Contas","","","PIER097 - POST: /api/contas_valorRenda_>_4_casas_decimais(-)",""
"passed","Fri Dec 15 19:35:52 UTC 2023","Fri Dec 15 19:35:52 UTC 2023","774","Camada de Integração - CI","Cadastro","Propostas","","","HEIM143 - POST: /propostas/valorRenda_vazio(-)",""
"failed","Fri Dec 15 19:36:45 UTC 2023","Fri Dec 15 19:36:45 UTC 2023","568","Camada de Integração - CI","Cadastro","Endereços","","","PIER118 - POST: /api/enderecos/",""
"passed","Fri Dec 15 19:40:30 UTC 2023","Fri Dec 15 19:40:30 UTC 2023","585","Camada de Integração - CI","Cartão","","","","PIER108 - POST: /api/contas/{id}/pessoas/{id_pessoa}/gerar-cartao_id_inexistente(-)",""
"passed","Fri Dec 15 19:36:09 UTC 2023","Fri Dec 15 19:36:10 UTC 2023","614","Camada de Integração - CI","Cadastro","Propostas","","","HEIM143 - POST: /propostas/limite_maximo_vazio(-)",""
"failed","Fri Dec 15 19:44:14 UTC 2023","Fri Dec 15 19:44:14 UTC 2023","574","Camada de Integração - CI","Negocio","RFN03-Cartao com adicional nao transacional(+)","","","PIER134 - POST: /api/pessoas-detalhes/incluir_detalhes_pessoa(+)",""
"broken","Fri Dec 15 19:45:37 UTC 2023","Fri Dec 15 19:45:37 UTC 2023","70","Camada de Integração - CI","accenture","","","","https://{{1fpayURL}}/party/v1/party/get-by-document",""
"failed","Fri Dec 15 19:45:23 UTC 2023","Fri Dec 15 19:45:23 UTC 2023","569","Camada de Integração - CI","Negocio","RFN04-Gerar cartao com adicional transacional(+)","","","PIER097 - POST: /api/contas/incluir_conta(+)",""
"failed","Fri Dec 15 19:43:12 UTC 2023","Fri Dec 15 19:44:14 UTC 2023","61036","Camada de Integração - CI","Negocio","RFN03-Cartao com adicional nao transacional(+)","","","PIER054 - GET: /api/pessoas",""
"passed","Fri Dec 15 19:36:09 UTC 2023","Fri Dec 15 19:36:09 UTC 2023","604","Camada de Integração - CI","Cadastro","Propostas","","","HEIM143 - POST: /propostas/limite_maximo_letra(-)",""
"failed","Fri Dec 15 19:36:24 UTC 2023","Fri Dec 15 19:36:25 UTC 2023","793","Camada de Integração - CI","Cadastro","Pessoas","","","HEIM065 - GET:/api/pessoas/{id}/cadastro/v1",""
"failed","Fri Dec 15 19:38:22 UTC 2023","Fri Dec 15 19:38:22 UTC 2023","666","Camada de Integração - CI","Cadastro","Telefones","","","PIER138 - POST: /api/telefones_idPessoa_vazio(-)",""
"failed","Fri Dec 15 19:39:37 UTC 2023","Fri Dec 15 19:39:37 UTC 2023","591","Camada de Integração - CI","Cadastro","Adicional","","","PIER138 - POST: /api/telefones_inclui_telefone(+)",""
"failed","Fri Dec 15 19:43:11 UTC 2023","Fri Dec 15 19:43:12 UTC 2023","866","Camada de Integração - CI","Negocio","RFN02-Cartao sem adicional transacional(+)","","","10 - PIER073 - GET:/api/cartoes/{id}",""
"failed","Fri Dec 15 19:40:28 UTC 2023","Fri Dec 15 19:40:28 UTC 2023","619","Camada de Integração - CI","Cartão","","","","PIER108 - POST: /api/contas/{id}/pessoas/{id_pessoa}/gerar-cartao_existente(-)",""
"failed","Fri Dec 15 19:35:29 UTC 2023","Fri Dec 15 19:35:30 UTC 2023","739","Camada de Integração - CI","Cadastro","Propostas","","","HEIM143 - POST: /propostas/orgao_expeditor_identidade_tam_>_6(-)",""
"failed","Fri Dec 15 19:35:51 UTC 2023","Fri Dec 15 19:35:52 UTC 2023","629","Camada de Integração - CI","Cadastro","Propostas","","","HEIM143 - POST: /propostas/ramal_somente_zero(+)",""
"failed","Fri Dec 15 19:35:49 UTC 2023","Fri Dec 15 19:35:49 UTC 2023","582","Camada de Integração - CI","Cadastro","Propostas","","","HEIM143 - POST: /propostas/telefone_#_celular_>_permitido(-)",""
"passed","Fri Dec 15 19:35:44 UTC 2023","Fri Dec 15 19:35:45 UTC 2023","623","Camada de Integração - CI","Cadastro","Propostas","","","HEIM143 - POST: /propostas/idTipoTelefone_vazio(-)",""
"failed","Fri Dec 15 19:36:10 UTC 2023","Fri Dec 15 19:36:11 UTC 2023","585","Camada de Integração - CI","Cadastro","Propostas","","","HEIM143 - POST: /propostas/limite_maximo_>_permitido(-)",""
"failed","Fri Dec 15 19:36:42 UTC 2023","Fri Dec 15 19:36:43 UTC 2023","632","Camada de Integração - CI","Cadastro","Pessoas","","","PIER130 - PUT: /api/pessoas/{id}_dataNascimento_formato_letra(-)",""
"passed","Fri Dec 15 19:37:59 UTC 2023","Fri Dec 15 19:38:00 UTC 2023","907","Camada de Integração - CI","Cadastro","Contas","","","PIER103 - GET:/api/contas/{id}/faturas/futuras N/A",""
"failed","Fri Dec 15 19:39:52 UTC 2023","Fri Dec 15 19:39:53 UTC 2023","665","Camada de Integração - CI","Cadastro","Adicional","","","PIER011 - POST: /api/contas/{id}/cadastrar-adicional_unidadeFederativaRG_vazio(-)",""
"failed","Fri Dec 15 19:35:53 UTC 2023","Fri Dec 15 19:35:54 UTC 2023","578","Camada de Integração - CI","Cadastro","Propostas","","","HEIM143 - POST: /propostas/logradouro_vazio(-)",""
"failed","Fri Dec 15 19:40:21 UTC 2023","Fri Dec 15 19:40:21 UTC 2023","883","Camada de Integração - CI","Cadastro","Adicional","","","PIER011 - POST: /api/contas/{id}/ramal_vazio(-)",""
"passed","Fri Dec 15 19:36:27 UTC 2023","Fri Dec 15 19:36:27 UTC 2023","686","Camada de Integração - CI","Cadastro","Pessoas","","","PIER131 - PATCH /api/pessoas/{id}/detalhes",""
"failed","Fri Dec 15 19:36:21 UTC 2023","Fri Dec 15 19:36:24 UTC 2023","2479","Camada de Integração - CI","Cadastro","Pessoas","","","PIER055 - GET: /api/pessoas-detalhes/idPessoa_existente(+)",""
"failed","Fri Dec 15 19:40:24 UTC 2023","Fri Dec 15 19:40:25 UTC 2023","823","Camada de Integração - CI","Cadastro","Adicional","","","PIER098 - GET: /api/contas/{id}/adicionais",""
"failed","Fri Dec 15 19:36:50 UTC 2023","Fri Dec 15 19:36:51 UTC 2023","679","Camada de Integração - CI","Cadastro","Endereços","","","PIER118 - POST: /api/enderecos/id_pessoa_nao_encontrado(-)",""
"passed","Fri Dec 15 19:36:57 UTC 2023","Fri Dec 15 19:36:57 UTC 2023","617","Camada de Integração - CI","Cadastro","Endereços","","","PIER119 - PUT /api/enderecos",""
"passed","Fri Dec 15 19:40:39 UTC 2023","Fri Dec 15 19:40:40 UTC 2023","860","Camada de Integração - CI","Cartão","","","","PIER086 - POST: /api/cartoes/{id}/desbloquear",""
"passed","Fri Dec 15 19:40:51 UTC 2023","Fri Dec 15 19:40:53 UTC 2023","2848","Camada de Integração - CI","Cartão","","","","HEIM052 - POST:/api/validar-conta-digital /vi",""
"failed","Fri Dec 15 19:36:20 UTC 2023","Fri Dec 15 19:36:21 UTC 2023","768","Camada de Integração - CI","Cadastro","Pessoas","","","PIER054 - GET: /api/pessoas",""
"passed","Fri Dec 15 19:37:32 UTC 2023","Fri Dec 15 19:37:33 UTC 2023","595","Camada de Integração - CI","Cadastro","Contas","","","PIER104 - POST:/api/contas/{id}/gerar-cartao-virtual",""
"passed","Fri Dec 15 19:40:06 UTC 2023","Fri Dec 15 19:40:07 UTC 2023","710","Camada de Integração - CI","Cadastro","Adicional","","","PIER011 - POST: /api/contas/{id}/flagDeficienteVisual_#_dominio(-)",""
"failed","Fri Dec 15 19:39:54 UTC 2023","Fri Dec 15 19:39:54 UTC 2023","648","Camada de Integração - CI","Cadastro","Adicional","","","PIER011 - POST: /api/contas/{id}/cadastrar-adicional_unidadeFederativaRG_caixa_baixa(-)",""
"passed","Fri Dec 15 19:37:10 UTC 2023","Fri Dec 15 19:37:11 UTC 2023","725","Camada de Integração - CI","Cadastro","Contas","","","PIER097 - POST: /api/contas_idOrigemComercial_2X0(-)",""
"failed","Fri Dec 15 19:39:44 UTC 2023","Fri Dec 15 19:39:45 UTC 2023","664","Camada de Integração - CI","Cadastro","Adicional","","","PIER011 - POST: /api/contas/{id}/cadastrar-adicional_dataNascimento_formato_invalido(-)",""
"failed","Fri Dec 15 19:37:17 UTC 2023","Fri Dec 15 19:37:18 UTC 2023","679","Camada de Integração - CI","Cadastro","Contas","","","PIER097 - POST: /api/contas_produto_#_data_vencimento(-)",""
"failed","Fri Dec 15 19:45:24 UTC 2023","Fri Dec 15 19:45:25 UTC 2023","664","Camada de Integração - CI","Negocio","RFN04-Gerar cartao com adicional transacional(+)","","","PIER011 - POST: /api/contas/{id}/cadastrar-adicional_novo(+)",""
"failed","Fri Dec 15 19:36:48 UTC 2023","Fri Dec 15 19:36:49 UTC 2023","679","Camada de Integração - CI","Cadastro","Endereços","","","PIER118 - POST: /api/enderecos/id_pessoa_letra(-)",""
"failed","Fri Dec 15 19:37:02 UTC 2023","Fri Dec 15 19:37:03 UTC 2023","568","Camada de Integração - CI","Cadastro","Contas","","","PIER097 - POST: /api/contas/incluir_conta(+)",""
"failed","Fri Dec 15 19:35:57 UTC 2023","Fri Dec 15 19:35:58 UTC 2023","599","Camada de Integração - CI","Cadastro","Propostas","","","HEIM143 - POST: /propostas/CEP_letra_numero(-)",""
"failed","Fri Dec 15 19:40:18 UTC 2023","Fri Dec 15 19:40:19 UTC 2023","680","Camada de Integração - CI","Cadastro","Adicional","","","PIER011 - POST: /api/contas/{id}/telefone_vazio(-)",""
"failed","Fri Dec 15 19:39:56 UTC 2023","Fri Dec 15 19:39:56 UTC 2023","639","Camada de Integração - CI","Cadastro","Adicional","","","PIER011 - POST: /api/contas/{id}/cadastrar-adicional_dataEmissaoIdentidade_formato_vazio(-)",""
"passed","Fri Dec 15 19:37:45 UTC 2023","Fri Dec 15 19:37:45 UTC 2023","593","Camada de Integração - CI","Cadastro","Contas","","","PIER005 - GET:/api/contas/{id}/faturas/consultar-fechada N/A",""
"failed","Fri Dec 15 19:38:29 UTC 2023","Fri Dec 15 19:38:29 UTC 2023","726","Camada de Integração - CI","Cadastro","Telefones","","","PIER137 - GET: /api/telefones_idPessoa_listar_telefones(+)",""
"failed","Fri Dec 15 19:35:32 UTC 2023","Fri Dec 15 19:35:33 UTC 2023","600","Camada de Integração - CI","Cadastro","Propostas","","","HEIM143 - POST: /propostas/cpf_tam_sup_limite(-)",""
"failed","Fri Dec 15 19:37:49 UTC 2023","Fri Dec 15 19:37:50 UTC 2023","585","Camada de Integração - CI","Cadastro","Contas","","","PIER048 - /pier/v2/api/contas/{id}_listar_contas_via_id(+)",""
"failed","Fri Dec 15 19:40:16 UTC 2023","Fri Dec 15 19:40:17 UTC 2023","726","Camada de Integração - CI","Cadastro","Adicional","","","PIER011 - POST: /api/contas/{id}/ddd_vazio(-)",""
"failed","Fri Dec 15 19:42:03 UTC 2023","Fri Dec 15 19:42:04 UTC 2023","913","Camada de Integração - CI","Negocio","RFN01-Cartao sem adicional nao transacional(+)","","","PIER073 - GET:/api/cartoes/{id}",""
"failed","Fri Dec 15 19:37:11 UTC 2023","Fri Dec 15 19:37:12 UTC 2023","819","Camada de Integração - CI","Cadastro","Contas","","","PIER097 - POST: /api/contas_diaVencimento_zero(-)",""
"failed","Fri Dec 15 19:37:19 UTC 2023","Fri Dec 15 19:37:20 UTC 2023","586","Camada de Integração - CI","Cadastro","Contas","","","PIER097 - POST: /api/contas_limteGlobal_uma_casa_zero(-)",""
"passed","Fri Dec 15 19:40:49 UTC 2023","Fri Dec 15 19:40:50 UTC 2023","563","Camada de Integração - CI","Cartão","","","","HEIM011 - GET:/api/cartoes-embossing /v1",""
"passed","Fri Dec 15 19:36:59 UTC 2023","Fri Dec 15 19:36:59 UTC 2023","611","Camada de Integração - CI","Cadastro","Contas","","","PIER049 - POST:/pier/v2/api/contas/{id}/ajustes/financeiros N/A",""
"passed","Fri Dec 15 19:36:14 UTC 2023","Fri Dec 15 19:36:15 UTC 2023","610","Camada de Integração - CI","Cadastro","Pessoas","","","Pier132 - GET:/api/pessoas/{id}/historico-telefones N/A",""
"passed","Fri Dec 15 19:40:32 UTC 2023","Fri Dec 15 19:40:35 UTC 2023","2990","Camada de Integração - CI","Cartão","","","","PIER075 - /api/cartoes/{id}/bloquear",""
"failed","Fri Dec 15 19:38:26 UTC 2023","Fri Dec 15 19:38:26 UTC 2023","601","Camada de Integração - CI","Cadastro","Telefones","","","PIER138 - POST: /api/telefones_ramal_letra(-)",""
"passed","Fri Dec 15 19:37:18 UTC 2023","Fri Dec 15 19:37:19 UTC 2023","646","Camada de Integração - CI","Cadastro","Contas","","","PIER097 - POST: /api/contas_limteGlobal_letra(-)",""
"failed","Fri Dec 15 19:36:54 UTC 2023","Fri Dec 15 19:36:55 UTC 2023","619","Camada de Integração - CI","Cadastro","Endereços","","","PIER117 - GET: /api/enderecos_idPessoa(+)",""
"passed","Fri Dec 15 19:40:56 UTC 2023","Fri Dec 15 19:40:57 UTC 2023","994","Camada de Integração - CI","Cartão","","","","https://1fpay-front-402813542107.auth.sa-east-1.amazoncognito.com/oauth2/token",""
"passed","Fri Dec 15 19:37:12 UTC 2023","Fri Dec 15 19:37:13 UTC 2023","616","Camada de Integração - CI","Cadastro","Contas","","","PIER097 - POST: /api/contas_diaVencimento_letra(-)",""
"passed","Fri Dec 15 19:35:42 UTC 2023","Fri Dec 15 19:35:43 UTC 2023","599","Camada de Integração - CI","Cadastro","Propostas","","","HEIM143 - POST: /propostas/ddd_<_10(-)",""
"failed","Fri Dec 15 19:35:29 UTC 2023","Fri Dec 15 19:35:29 UTC 2023","681","Camada de Integração - CI","Cadastro","Propostas","","","HEIM143 - POST: /propostas/idproduto_não _cadastrado(-)",""
"passed","Fri Dec 15 19:37:45 UTC 2023","Fri Dec 15 19:37:46 UTC 2023","657","Camada de Integração - CI","Cadastro","Contas","","","PIER008 - GET:/api/contas/{id}/faturas N/A",""
"failed","Fri Dec 15 19:39:48 UTC 2023","Fri Dec 15 19:39:49 UTC 2023","664","Camada de Integração - CI","Cadastro","Adicional","","","PIER011 - POST: /api/contas/{id}/cadastrar-adicional_numeroIdentidade_vazio(-)",""
"failed","Fri Dec 15 19:38:31 UTC 2023","Fri Dec 15 19:38:31 UTC 2023","601","Camada de Integração - CI","Cadastro","Telefones","","","PIER140 - GET: /api/telefones/id_existente(+)",""
"failed","Fri Dec 15 19:44:14 UTC 2023","Fri Dec 15 19:44:15 UTC 2023","605","Camada de Integração - CI","Negocio","RFN03-Cartao com adicional nao transacional(+)","","","PIER118 - POST: /api/enderecos/incluir_endereco(+)",""
"passed","Fri Dec 15 19:40:26 UTC 2023","Fri Dec 15 19:40:26 UTC 2023","614","Camada de Integração - CI","Cadastro","Adicional","","","PIER098 - GET: /api/contas/{id}/adicionais_vazio(-)",""
"passed","Fri Dec 15 19:36:11 UTC 2023","Fri Dec 15 19:36:11 UTC 2023","578","Camada de Integração - CI","Cadastro","Propostas","","","HEIM143 - POST: /propostas/limiteParcelas_letra(-)",""
"failed","Fri Dec 15 19:38:15 UTC 2023","Fri Dec 15 19:38:16 UTC 2023","632","Camada de Integração - CI","Cadastro","Telefones","","","PIER138 - POST: /api/telefones_ddd_inicio_Zero(-)",""
"passed","Fri Dec 15 19:38:01 UTC 2023","Fri Dec 15 19:38:04 UTC 2023","2878","Camada de Integração - CI","Cadastro","Contas","","","PIER116 - GET:/api/contas/{id}/transacoes-processadas/{idTransacao} N/A",""
"failed","Fri Dec 15 19:40:21 UTC 2023","Fri Dec 15 19:40:22 UTC 2023","641","Camada de Integração - CI","Cadastro","Adicional","","","PIER011 - POST: /api/contas/{id}/ramal_letra(-)",""
"passed","Fri Dec 15 19:37:33 UTC 2023","Fri Dec 15 19:37:34 UTC 2023","579","Camada de Integração - CI","Cadastro","Contas","","","PIER109 - POST:/api/contas/{id}/pessoas/{idPessoa}/portadores/limites N/A",""
"failed","Fri Dec 15 19:42:01 UTC 2023","Fri Dec 15 19:42:02 UTC 2023","587","Camada de Integração - CI","Negocio","RFN01-Cartao sem adicional nao transacional(+)","","","PIER097 - POST: /api/contas/incluir_conta(+)",""
"failed","Fri Dec 15 19:40:31 UTC 2023","Fri Dec 15 19:40:31 UTC 2023","625","Camada de Integração - CI","Cartão","","","","PIER108 - POST: /api/contas/{id}/pessoas/{id_pessoa}/gerar-cartao_idPessoa_letra(-)",""
"failed","Fri Dec 15 19:43:12 UTC 2023","Fri Dec 15 19:43:12 UTC 2023","940","Camada de Integração - CI","Negocio","RFN03-Cartao com adicional nao transacional(+)","","","HEIM143 - POST: /propostas/incluir_proposta(+)",""
"failed","Fri Dec 15 19:38:13 UTC 2023","Fri Dec 15 19:38:14 UTC 2023","868","Camada de Integração - CI","Cadastro","Telefones","","","PIER138 - POST: /api/telefones_tamanho_menor_que_9(-)",""
"passed","Fri Dec 15 19:38:07 UTC 2023","Fri Dec 15 19:38:07 UTC 2023","582","Camada de Integração - CI","Cadastro","Contas","","","[D]PIER076 - POST /api/contas/{idCartao}/cancelar",""
"passed","Fri Dec 15 19:36:07 UTC 2023","Fri Dec 15 19:36:08 UTC 2023","595","Camada de Integração - CI","Cadastro","Propostas","","","HEIM143 - POST: /propostas/limiteGlobal_letra(-)",""
"passed","Fri Dec 15 19:37:22 UTC 2023","Fri Dec 15 19:37:23 UTC 2023","601","Camada de Integração - CI","Cadastro","Contas","","","PIER097 - POST: /api/contas_limteMaximo_zeros(-)",""
"passed","Fri Dec 15 19:40:36 UTC 2023","Fri Dec 15 19:40:39 UTC 2023","2825","Camada de Integração - CI","Cartão","","","","PIER084 - /api/cartoes/{id}/cvv-dinamico",""
"failed","Fri Dec 15 19:37:14 UTC 2023","Fri Dec 15 19:37:15 UTC 2023","585","Camada de Integração - CI","Cadastro","Contas","","","PIER097 - POST: /api/contas_diaVencimento_produto_palmeiras(+)",""
"failed","Fri Dec 15 19:36:08 UTC 2023","Fri Dec 15 19:36:09 UTC 2023","594","Camada de Integração - CI","Cadastro","Propostas","","","HEIM143 - POST: /propostas/limiteGlobal_>_valor_permitido(-)",""
"failed","Fri Dec 15 19:35:38 UTC 2023","Fri Dec 15 19:35:38 UTC 2023","601","Camada de Integração - CI","Cadastro","Propostas","","","HEIM143 - POST: /propostas/dt_nasc_formato_invalido(-)",""
"passed","Fri Dec 15 19:40:23 UTC 2023","Fri Dec 15 19:40:24 UTC 2023","961","Camada de Integração - CI","Cadastro","Adicional","","","PIER099 - POST:/api/contas/{id}/adicionais",""
"passed","Fri Dec 15 19:38:26 UTC 2023","Fri Dec 15 19:38:27 UTC 2023","610","Camada de Integração - CI","Cadastro","Telefones","","","PIER139 - PUT /api/telefones",""
"failed","Fri Dec 15 19:36:37 UTC 2023","Fri Dec 15 19:36:37 UTC 2023","548","Camada de Integração - CI","Cadastro","Pessoas","","","PIER134 - POST: /api/pessoas-detalhes/ numeroCnh_letras(-)",""
"passed","Fri Dec 15 19:37:47 UTC 2023","Fri Dec 15 19:37:47 UTC 2023","673","Camada de Integração - CI","Cadastro","Contas","","","PIER024 - GET:/api/contas/{id}/faturas/abertas",""
"failed","Fri Dec 15 19:39:42 UTC 2023","Fri Dec 15 19:39:43 UTC 2023","617","Camada de Integração - CI","Cadastro","Adicional","","","PIER011 - POST: /api/contas/{id}/cadastrar-adicional_numeroReceitaFederal_vazio(-)",""
"passed","Fri Dec 15 19:39:58 UTC 2023","Fri Dec 15 19:39:59 UTC 2023","663","Camada de Integração - CI","Cadastro","Adicional","","","PIER011 - POST: /api/contas/{id}/idEstadoCivil_letra(-)",""
"passed","Fri Dec 15 19:40:55 UTC 2023","Fri Dec 15 19:40:56 UTC 2023","610","Camada de Integração - CI","Cartão","","","","HEIM179 - POST:/api/cartoes/envia-senha-sms",""
"passed","Fri Dec 15 19:37:31 UTC 2023","Fri Dec 15 19:37:31 UTC 2023","618","Camada de Integração - CI","Cadastro","Contas","","","PIER097 - POST: /api/contas_idEnderecoCorrespondencia_vazio(-)",""
"failed","Fri Dec 15 19:35:39 UTC 2023","Fri Dec 15 19:35:40 UTC 2023","625","Camada de Integração - CI","Cadastro","Propostas","","","HEIM143 - POST: /propostas/sexo_fora_dominio(-)",""
"failed","Fri Dec 15 19:38:33 UTC 2023","Fri Dec 15 19:38:34 UTC 2023","972","Camada de Integração - CI","Cadastro","Adicional","","","HEIM143 - POST: /propostas/incluir_proposta(+)",""
"failed","Fri Dec 15 19:35:30 UTC 2023","Fri Dec 15 19:35:31 UTC 2023","760","Camada de Integração - CI","Cadastro","Propostas","","","HEIM143 - POST: /propostas/sem_cpf(-)",""
"failed","Fri Dec 15 19:35:25 UTC 2023","Fri Dec 15 19:35:29 UTC 2023","3650","Camada de Integração - CI","Cadastro","Propostas","","","HEIM143 - POST: /propostas/",""
"passed","Fri Dec 15 19:37:25 UTC 2023","Fri Dec 15 19:37:25 UTC 2023","615","Camada de Integração - CI","Cadastro","Contas","","","PIER097 - POST: /api/contas_limiteParcelas_letras_numeros(-)",""
"passed","Fri Dec 15 19:37:36 UTC 2023","Fri Dec 15 19:37:37 UTC 2023","1049","Camada de Integração - CI","Cadastro","Contas","","","HEIM071 - POST:/api/contas/{id}/adesao-servicos-optin /v2",""
"failed","Fri Dec 15 19:35:50 UTC 2023","Fri Dec 15 19:35:50 UTC 2023","607","Camada de Integração - CI","Cadastro","Propostas","","","HEIM143 - POST: /propostas/ramal_somente_letras(-)",""
"failed","Fri Dec 15 19:44:16 UTC 2023","Fri Dec 15 19:44:17 UTC 2023","642","Camada de Integração - CI","Negocio","RFN03-Cartao com adicional nao transacional(+)","","","PIER011 - POST: /api/contas/{id}/cadastrar-adicional_novo(+)",""
"failed","Fri Dec 15 19:35:32 UTC 2023","Fri Dec 15 19:35:32 UTC 2023","710","Camada de Integração - CI","Cadastro","Propostas","","","HEIM143 - POST: /propostas/cpf_letra(-)",""
"failed","Fri Dec 15 19:37:51 UTC 2023","Fri Dec 15 19:37:51 UTC 2023","647","Camada de Integração - CI","Cadastro","Contas","","","PIER050 - GET: /api/dados-bancarios-conta_inexistente(-)",""
"failed","Fri Dec 15 19:40:20 UTC 2023","Fri Dec 15 19:40:21 UTC 2023","637","Camada de Integração - CI","Cadastro","Adicional","","","PIER011 - POST: /api/contas/{id}/telefone_tam_<_9(-)",""
"failed","Fri Dec 15 19:35:44 UTC 2023","Fri Dec 15 19:35:44 UTC 2023","611","Camada de Integração - CI","Cadastro","Propostas","","","HEIM143 - POST: /propostas/ddd_dentro-dominio(+)",""
"passed","Fri Dec 15 19:35:40 UTC 2023","Fri Dec 15 19:35:41 UTC 2023","617","Camada de Integração - CI","Cadastro","Propostas","","","HEIM143 - POST: /propostas/ddd_vazio(-)",""
"broken","Fri Dec 15 19:43:11 UTC 2023","Fri Dec 15 19:43:11 UTC 2023","69","Camada de Integração - CI","Negocio","RFN02-Cartao sem adicional transacional(+)","","","9 - cards/v1/cards/activate",""
"failed","Fri Dec 15 19:39:53 UTC 2023","Fri Dec 15 19:39:54 UTC 2023","632","Camada de Integração - CI","Cadastro","Adicional","","","PIER011 - POST: /api/contas/{id}/cadastrar-adicional_unidadeFederativaRG_tam_>_2(-)",""
"passed","Fri Dec 15 19:42:04 UTC 2023","Fri Dec 15 19:42:05 UTC 2023","977","Camada de Integração - CI","Negocio","RFN02-Cartao sem adicional transacional(+)","","","1 - https://1fpay-front-402813542107.auth.sa-east-1.amazoncognito.com/oauth2/token",""
"failed","Fri Dec 15 19:35:59 UTC 2023","Fri Dec 15 19:36:00 UTC 2023","655","Camada de Integração - CI","Cadastro","Propostas","","","HEIM143 - POST: /propostas/pais_vazio(-)",""
"failed","Fri Dec 15 19:35:31 UTC 2023","Fri Dec 15 19:35:32 UTC 2023","718","Camada de Integração - CI","Cadastro","Propostas","","","HEIM143 - POST: /propostas/cpf_incompleto(-)",""
"passed","Fri Dec 15 19:40:01 UTC 2023","Fri Dec 15 19:40:01 UTC 2023","710","Camada de Integração - CI","Cadastro","Adicional","","","PIER011 - POST: /api/contas/{id}/idParentesco_vazio(-)",""
"failed","Fri Dec 15 19:36:55 UTC 2023","Fri Dec 15 19:36:55 UTC 2023","614","Camada de Integração - CI","Cadastro","Endereços","","","PIER117 - GET: /api/enderecos_idPessoa_invalido(-)",""
"failed","Fri Dec 15 19:39:39 UTC 2023","Fri Dec 15 19:39:40 UTC 2023","710","Camada de Integração - CI","Cadastro","Adicional","","","PIER011 - POST: /api/contas/{id}/cadastrar-adicional_nome_>_150(-)",""
"failed","Fri Dec 15 19:35:54 UTC 2023","Fri Dec 15 19:35:55 UTC 2023","586","Camada de Integração - CI","Cadastro","Propostas","","","HEIM143 - POST: /propostas/numero_endereco_vazio(-)",""
"failed","Fri Dec 15 19:45:25 UTC 2023","Fri Dec 15 19:45:25 UTC 2023","773","Camada de Integração - CI","Negocio","RFN04-Gerar cartao com adicional transacional(+)","","","PIER108 - POST: /api/contas/{id}/pessoas/{id_pessoa}/gerar-cartao",""
"failed","Fri Dec 15 19:39:41 UTC 2023","Fri Dec 15 19:39:42 UTC 2023","679","Camada de Integração - CI","Cadastro","Adicional","","","PIER011 - POST: /api/contas/{id}/cadastrar-adicional_numeroReceitaFederal_letra(-)",""
"passed","Fri Dec 15 19:40:09 UTC 2023","Fri Dec 15 19:40:14 UTC 2023","5255","Camada de Integração - CI","Cadastro","Adicional","","","PIER011 - POST: /api/contas/{id}/idTipoTelefone_vazio(-)",""
"failed","Fri Dec 15 19:35:47 UTC 2023","Fri Dec 15 19:35:47 UTC 2023","618","Camada de Integração - CI","Cadastro","Propostas","","","HEIM143 - POST: /propostas/telefone_vazio(-)",""
"passed","Fri Dec 15 19:37:08 UTC 2023","Fri Dec 15 19:37:09 UTC 2023","788","Camada de Integração - CI","Cadastro","Contas","","","PIER097 - POST: /api/contas_idProduto_letra(-)",""
"failed","Fri Dec 15 19:36:32 UTC 2023","Fri Dec 15 19:36:33 UTC 2023","668","Camada de Integração - CI","Cadastro","Pessoas","","","PIER134 - POST: /api/pessoas-detalhes/ nomeEmpresa_maior_100_caracteres(-)",""
"failed","Fri Dec 15 19:38:25 UTC 2023","Fri Dec 15 19:38:25 UTC 2023","616","Camada de Integração - CI","Cadastro","Telefones","","","PIER138 - POST: /api/telefones_tipotelefone_fora_dominio(-)",""
"failed","Fri Dec 15 19:37:07 UTC 2023","Fri Dec 15 19:37:08 UTC 2023","679","Camada de Integração - CI","Cadastro","Contas","","","PIER097 - POST: /api/contas_idProduto_vazio(-)",""
"failed","Fri Dec 15 19:42:02 UTC 2023","Fri Dec 15 19:42:02 UTC 2023","589","Camada de Integração - CI","Negocio","RFN01-Cartao sem adicional nao transacional(+)","","","PIER138 - POST: /api/telefones_inclui_telefone(+)",""
"failed","Fri Dec 15 19:35:38 UTC 2023","Fri Dec 15 19:35:39 UTC 2023","588","Camada de Integração - CI","Cadastro","Propostas","","","HEIM143 - POST: /propostas/sexo_vazio(-)",""
"failed","Fri Dec 15 19:38:16 UTC 2023","Fri Dec 15 19:38:17 UTC 2023","664","Camada de Integração - CI","Cadastro","Telefones","","","PIER138 - POST: /api/telefones_ddd_<_1(-)",""
"passed","Fri Dec 15 19:40:27 UTC 2023","Fri Dec 15 19:40:28 UTC 2023","704","Camada de Integração - CI","Cadastro","Adicional","","","HEIM208 - Cadastro de solicitação proposta conta digital",""
"passed","Fri Dec 15 19:37:40 UTC 2023","Fri Dec 15 19:37:41 UTC 2023","595","Camada de Integração - CI","Cadastro","Contas","","","HEIM194 - POST:/api/pessoas/atualizacao-cadastral?",""
"failed","Fri Dec 15 19:39:52 UTC 2023","Fri Dec 15 19:39:52 UTC 2023","696","Camada de Integração - CI","Cadastro","Adicional","","","PIER011 - POST: /api/contas/{id}/cadastrar-adicional_unidadeFederativaRG_fora_dominio(-)",""
"passed","Fri Dec 15 19:37:54 UTC 2023","Fri Dec 15 19:37:55 UTC 2023","1032","Camada de Integração - CI","Cadastro","Contas","","","PIER066 - GET:pier/v2/api/adesoes-pagamentos-sabados  Copy",""
"failed","Fri Dec 15 19:38:31 UTC 2023","Fri Dec 15 19:38:32 UTC 2023","601","Camada de Integração - CI","Cadastro","Telefones","","","PIER140 - GET: /api/telefones/id_inexistente(-)",""
"failed","Fri Dec 15 19:44:18 UTC 2023","Fri Dec 15 19:44:18 UTC 2023","929","Camada de Integração - CI","Negocio","RFN03-Cartao com adicional nao transacional(+)","","","PIER073 - GET:/api/cartoes/{id}",""
"failed","Fri Dec 15 19:37:15 UTC 2023","Fri Dec 15 19:37:16 UTC 2023","646","Camada de Integração - CI","Cadastro","Contas","","","PIER097 - POST: /api/contas_diaVencimento_produto_urby(+)",""
"failed","Fri Dec 15 19:36:55 UTC 2023","Fri Dec 15 19:36:56 UTC 2023","647","Camada de Integração - CI","Cadastro","Endereços","","","PIER117 - GET: /api/enderecos_idPessoa_letra(-)",""
"failed","Fri Dec 15 19:37:07 UTC 2023","Fri Dec 15 19:37:07 UTC 2023","741","Camada de Integração - CI","Cadastro","Contas","","","PIER097 - POST: /api/contas_idPessoa_inexistente(-)",""
"passed","Fri Dec 15 19:36:13 UTC 2023","Fri Dec 15 19:36:13 UTC 2023","598","Camada de Integração - CI","Cadastro","Propostas","","","HEIM143 - POST: /propostas/limiteConsignado_letra(-)",""
"failed","Fri Dec 15 19:43:09 UTC 2023","Fri Dec 15 19:43:09 UTC 2023","600","Camada de Integração - CI","Negocio","RFN02-Cartao sem adicional transacional(+)","","","6 - PIER097 - POST: /api/contas/incluir_conta(+)",""
"failed","Fri Dec 15 19:36:33 UTC 2023","Fri Dec 15 19:36:34 UTC 2023","564","Camada de Integração - CI","Cadastro","Pessoas","","","PIER134 - POST: /api/pessoas-detalhes/ nomeReferencia1_>_80_caracteres(-)",""
"failed","Fri Dec 15 19:35:58 UTC 2023","Fri Dec 15 19:35:59 UTC 2023","606","Camada de Integração - CI","Cadastro","Propostas","","","HEIM143 - POST: /propostas/cidade_vazio(-)",""
"passed","Fri Dec 15 19:35:41 UTC 2023","Fri Dec 15 19:35:42 UTC 2023","939","Camada de Integração - CI","Cadastro","Propostas","","","HEIM143 - POST: /propostas/ddd_letra(-)",""
"passed","Fri Dec 15 19:40:30 UTC 2023","Fri Dec 15 19:40:31 UTC 2023","588","Camada de Integração - CI","Cartão","","","","PIER108 - POST: /api/contas/{id}/pessoas/{id_pessoa}/gerar-cartao_sem_idPessoa(-)",""
"passed","Fri Dec 15 19:36:02 UTC 2023","Fri Dec 15 19:36:02 UTC 2023","657","Camada de Integração - CI","Cadastro","Propostas","","","HEIM143 - POST: /propostas/id_produto_letra(-)",""
"failed","Fri Dec 15 19:36:34 UTC 2023","Fri Dec 15 19:36:35 UTC 2023","646","Camada de Integração - CI","Cadastro","Pessoas","","","POST: /api/pessoas-detalhes/ naturalidadeEstado_>_2_caractere(-)",""
"passed","Fri Dec 15 19:37:30 UTC 2023","Fri Dec 15 19:37:31 UTC 2023","649","Camada de Integração - CI","Cadastro","Contas","","","PIER097 - POST: /api/contas_idEnderecoCorrespondencia_letras(-)",""
"passed","Fri Dec 15 19:38:06 UTC 2023","Fri Dec 15 19:38:07 UTC 2023","579","Camada de Integração - CI","Cadastro","Contas","","","CARA003 - /dock/contas/{id}",""
"failed","Fri Dec 15 19:38:11 UTC 2023","Fri Dec 15 19:38:12 UTC 2023","585","Camada de Integração - CI","Cadastro","Telefones","","","PIER138 - POST: /api/telefones_inclui_telefone(+)",""
"failed","Fri Dec 15 19:38:27 UTC 2023","Fri Dec 15 19:38:28 UTC 2023","669","Camada de Integração - CI","Cadastro","Telefones","","","PIER137 - GET: /api/telefones_id_pessoa_existente(+)",""
"failed","Fri Dec 15 19:36:32 UTC 2023","Fri Dec 15 19:36:32 UTC 2023","593","Camada de Integração - CI","Cadastro","Pessoas","","","PIER134 - POST: /api/pessoas-detalhes/ email_maior_50_caracteres(-)",""
"failed","Fri Dec 15 19:36:36 UTC 2023","Fri Dec 15 19:36:36 UTC 2023","562","Camada de Integração - CI","Cadastro","Pessoas","","","PIER134 - POST: /api/pessoas-detalhes/ nomePai_>_80_caracteres(-)",""
"passed","Fri Dec 15 19:36:39 UTC 2023","Fri Dec 15 19:36:39 UTC 2023","611","Camada de Integração - CI","Cadastro","Pessoas","","","HEIM070 - /api/pessoas/{id}/cadastro /v1(+)",""
"failed","Fri Dec 15 19:35:37 UTC 2023","Fri Dec 15 19:35:38 UTC 2023","596","Camada de Integração - CI","Cadastro","Propostas","","","HEIM143 - POST: /propostas/dt_nasc_letra(-)",""
"failed","Fri Dec 15 19:38:18 UTC 2023","Fri Dec 15 19:38:19 UTC 2023","1695","Camada de Integração - CI","Cadastro","Telefones","","","PIER138 - POST: /api/telefones_telefone_com_letras(-)",""
"failed","Fri Dec 15 19:44:15 UTC 2023","Fri Dec 15 19:44:15 UTC 2023","571","Camada de Integração - CI","Negocio","RFN03-Cartao com adicional nao transacional(+)","","","PIER097 - POST: /api/contas/incluir_conta(+)",""
"failed","Fri Dec 15 19:39:50 UTC 2023","Fri Dec 15 19:39:51 UTC 2023","617","Camada de Integração - CI","Cadastro","Adicional","","","PIER011 - POST: /api/contas/{id}/cadastrar-adicional_orgaoExpedidor_numerico(-)",""
"failed","Fri Dec 15 19:40:19 UTC 2023","Fri Dec 15 19:40:19 UTC 2023","631","Camada de Integração - CI","Cadastro","Adicional","","","PIER011 - POST: /api/contas/{id}/telefone_letra(-)",""
"failed","Fri Dec 15 19:45:22 UTC 2023","Fri Dec 15 19:45:23 UTC 2023","608","Camada de Integração - CI","Negocio","RFN04-Gerar cartao com adicional transacional(+)","","","PIER118 - POST: /api/enderecos/incluir_endereco(+)",""
"failed","Fri Dec 15 19:39:43 UTC 2023","Fri Dec 15 19:39:44 UTC 2023","727","Camada de Integração - CI","Cadastro","Adicional","","","PIER011 - POST: /api/contas/{id}/cadastrar-adicional_numeroReceitaFederal_invalido(-)",""
"failed","Fri Dec 15 19:35:45 UTC 2023","Fri Dec 15 19:35:45 UTC 2023","632","Camada de Integração - CI","Cadastro","Propostas","","","HEIM143 - POST: /propostas/idTipoTelefone_com_Zero(-)",""
"failed","Fri Dec 15 19:36:29 UTC 2023","Fri Dec 15 19:36:30 UTC 2023","627","Camada de Integração - CI","Cadastro","Pessoas","","","PIER134 - POST: /api/pessoas-detalhes/numeroBanco - letra e numero(-)",""
"failed","Fri Dec 15 19:39:50 UTC 2023","Fri Dec 15 19:39:50 UTC 2023","620","Camada de Integração - CI","Cadastro","Adicional","","","PIER011 - POST: /api/contas/{id}/cadastrar-adicional_orgaoExpedidor_tam_>_6(-)",""
"passed","Fri Dec 15 19:37:22 UTC 2023","Fri Dec 15 19:37:22 UTC 2023","633","Camada de Integração - CI","Cadastro","Contas","","","PIER097 - POST: /api/contas_limteMaximo_letras_numeros(-)",""
"failed","Fri Dec 15 19:37:23 UTC 2023","Fri Dec 15 19:37:23 UTC 2023","616","Camada de Integração - CI","Cadastro","Contas","","","PIER097 - POST: /api/contas_limteMaximo_>_permitido(-)",""
"passed","Fri Dec 15 19:40:07 UTC 2023","Fri Dec 15 19:40:08 UTC 2023","1054","Camada de Integração - CI","Cadastro","Adicional","","","PIER011 - POST: /api/contas/{id}/campo_id_vazio(-)",""
"passed","Fri Dec 15 19:37:35 UTC 2023","Fri Dec 15 19:37:35 UTC 2023","597","Camada de Integração - CI","Cadastro","Contas","","","PIER110 - POST : /api/contas/${idConta}/reativar_conta_inexistente(-)",""
"passed","Fri Dec 15 19:40:00 UTC 2023","Fri Dec 15 19:40:01 UTC 2023","586","Camada de Integração - CI","Cadastro","Adicional","","","PIER011 - POST: /api/contas/{id}/idNacionalidade_duplo_zero(-)",""
"failed","Fri Dec 15 19:35:58 UTC 2023","Fri Dec 15 19:35:58 UTC 2023","642","Camada de Integração - CI","Cadastro","Propostas","","","HEIM143 - POST: /propostas/CEP_tam_superior(-)",""
"failed","Fri Dec 15 19:35:35 UTC 2023","Fri Dec 15 19:35:36 UTC 2023","582","Camada de Integração - CI","Cadastro","Propostas","","","HEIM143 - POST: /propostas/sem_email(-)",""
"passed","Fri Dec 15 19:40:05 UTC 2023","Fri Dec 15 19:40:06 UTC 2023","694","Camada de Integração - CI","Cadastro","Adicional","","","PIER011 - POST: /api/contas/{id}/flagDeficienteVisual_vazio(-)",""
"failed","Fri Dec 15 19:38:30 UTC 2023","Fri Dec 15 19:38:31 UTC 2023","632","Camada de Integração - CI","Cadastro","Telefones","","","PIER137 - GET: /api/telefones_idPessoa_letra(-)",""
"failed","Fri Dec 15 19:38:34 UTC 2023","Fri Dec 15 19:39:35 UTC 2023","61375","Camada de Integração - CI","Cadastro","Adicional","","","PIER054 - GET: /api/pessoas",""
"failed","Fri Dec 15 19:38:23 UTC 2023","Fri Dec 15 19:38:24 UTC 2023","601","Camada de Integração - CI","Cadastro","Telefones","","","PIER138 - POST: /api/telefones_tipotelefone_letra(-)",""
"failed","Fri Dec 15 19:40:17 UTC 2023","Fri Dec 15 19:40:17 UTC 2023","632","Camada de Integração - CI","Cadastro","Adicional","","","PIER011 - POST: /api/contas/{id}/ddd_letra(-)",""
"failed","Fri Dec 15 19:37:13 UTC 2023","Fri Dec 15 19:37:14 UTC 2023","647","Camada de Integração - CI","Cadastro","Contas","","","PIER097 - POST: /api/contas_diaVencimento_produto_pernambucanas(+)",""
"failed","Fri Dec 15 19:39:38 UTC 2023","Fri Dec 15 19:39:39 UTC 2023","915","Camada de Integração - CI","Cadastro","Adicional","","","PIER011 - POST: /api/contas/{id}/cadastrar-adicional_existente(-)",""
"passed","Fri Dec 15 19:37:26 UTC 2023","Fri Dec 15 19:37:27 UTC 2023","663","Camada de Integração - CI","Cadastro","Contas","","","PIER097 - POST: /api/contas_limiteParcelas_vazio(-)",""
"passed","Fri Dec 15 19:36:04 UTC 2023","Fri Dec 15 19:36:05 UTC 2023","691","Camada de Integração - CI","Cadastro","Propostas","","","HEIM143 - POST: /propostas/idOrigemComercial_letra(-)",""
"passed","Fri Dec 15 19:36:26 UTC 2023","Fri Dec 15 19:36:27 UTC 2023","615","Camada de Integração - CI","Cadastro","Pessoas","","","HEIM020 - Atualizar Nome Impresso",""
"failed","Fri Dec 15 19:42:05 UTC 2023","Fri Dec 15 19:42:06 UTC 2023","692","Camada de Integração - CI","Negocio","RFN02-Cartao sem adicional transacional(+)","","","2 - HEIM143 - POST: /propostas/incluir_proposta(+)",""
"passed","Fri Dec 15 19:36:40 UTC 2023","Fri Dec 15 19:36:40 UTC 2023","600","Camada de Integração - CI","Cadastro","Pessoas","","","HEIM070 - /api/pessoas/{id}/cadastro /v1_naturalidadeEstado_numerico(-)",""
"failed","Fri Dec 15 19:36:37 UTC 2023","Fri Dec 15 19:36:38 UTC 2023","625","Camada de Integração - CI","Cadastro","Pessoas","","","PIER134 - POST: /api/pessoas-detalhes/ dataEmissaoCnh_formato_invalido(-)",""
"passed","Fri Dec 15 19:37:55 UTC 2023","Fri Dec 15 19:37:59 UTC 2023","3659","Camada de Integração - CI","Cadastro","Contas","","","PIER098 - GET:/api/contas/{id}/adicionais N/A",""
"passed","Fri Dec 15 19:37:37 UTC 2023","Fri Dec 15 19:37:40 UTC 2023","2846","Camada de Integração - CI","Cadastro","Contas","","","HEIM177 - POST:/api/contas/{idconta}/cancelar-debitos-recorrentes ?",""
"failed","Fri Dec 15 19:35:47 UTC 2023","Fri Dec 15 19:35:48 UTC 2023","613","Camada de Integração - CI","Cadastro","Propostas","","","HEIM143 - POST: /propostas/telefone_letra(-)",""
"passed","Fri Dec 15 19:37:48 UTC 2023","Fri Dec 15 19:37:49 UTC 2023","564","Camada de Integração - CI","Cadastro","Contas","","","PIER031 - GET:/contas/{id}/faturas/planos-parcelamento N/A",""
"failed","Fri Dec 15 19:39:35 UTC 2023","Fri Dec 15 19:39:36 UTC 2023","575","Camada de Integração - CI","Cadastro","Adicional","","","PIER134 - POST: /api/pessoas-detalhes/incluir_detalhes_pessoa(+)",""
"failed","Fri Dec 15 19:44:17 UTC 2023","Fri Dec 15 19:44:18 UTC 2023","677","Camada de Integração - CI","Negocio","RFN03-Cartao com adicional nao transacional(+)","","","PIER108 - POST: /api/contas/{id}/pessoas/{id_pessoa}/gerar-cartao",""
"failed","Fri Dec 15 19:43:08 UTC 2023","Fri Dec 15 19:43:09 UTC 2023","570","Camada de Integração - CI","Negocio","RFN02-Cartao sem adicional transacional(+)","","","5 - PIER118 - POST: /api/enderecos/incluir_endereco(+)",""
"passed","Fri Dec 15 19:40:02 UTC 2023","Fri Dec 15 19:40:03 UTC 2023","679","Camada de Integração - CI","Cadastro","Adicional","","","PIER011 - POST: /api/contas/{id}/idParentesco_duplo_zero(-)",""
"passed","Fri Dec 15 19:45:33 UTC 2023","Fri Dec 15 19:45:37 UTC 2023","4102","Camada de Integração - CI","psd","","","","https://kong-psd-hml-gke.pernambucanas.com.br/api/contas-pessoas-service/v1/contas-credito?numeroReceitaFederal=77458470011",""
"failed","Fri Dec 15 19:40:22 UTC 2023","Fri Dec 15 19:40:23 UTC 2023","663","Camada de Integração - CI","Cadastro","Adicional","","","PIER011 - POST: /api/contas/{id}/ramal_tam_>_4(-)",""
"passed","Fri Dec 15 19:37:23 UTC 2023","Fri Dec 15 19:37:24 UTC 2023","620","Camada de Integração - CI","Cadastro","Contas","","","PIER097 - POST: /api/contas_limteMaximo_>_vazio(-)",""
"passed","Fri Dec 15 19:45:30 UTC 2023","Fri Dec 15 19:45:33 UTC 2023","2815","Camada de Integração - CI","Compras","","","","PIER092 - GET:/api/compras-antecipaveis N/A",""
"passed","Fri Dec 15 19:36:13 UTC 2023","Fri Dec 15 19:36:14 UTC 2023","635","Camada de Integração - CI","Cadastro","Propostas","","","HEIM143 - POST: /propostas/limiteConsignado_vazio(-)",""
"failed","Fri Dec 15 19:38:20 UTC 2023","Fri Dec 15 19:38:21 UTC 2023","836","Camada de Integração - CI","Cadastro","Telefones","","","PIER138 - POST: /api/telefones_telefone_vazio(-)",""
"failed","Fri Dec 15 19:36:03 UTC 2023","Fri Dec 15 19:36:04 UTC 2023","725","Camada de Integração - CI","Cadastro","Propostas","","","HEIM143 - POST: /propostas/idOrigemComercial_zero(-)",""
"passed","Fri Dec 15 19:37:28 UTC 2023","Fri Dec 15 19:37:29 UTC 2023","649","Camada de Integração - CI","Cadastro","Contas","","","PIER097 - POST: /api/contas_valorRenda_somente_zeros(-)",""
"passed","Fri Dec 15 19:37:27 UTC 2023","Fri Dec 15 19:37:28 UTC 2023","600","Camada de Integração - CI","Cadastro","Contas","","","PIER097 - POST: /api/contas_valorRenda_letras_numeros(-)",""
"failed","Fri Dec 15 19:36:06 UTC 2023","Fri Dec 15 19:36:06 UTC 2023","647","Camada de Integração - CI","Cadastro","Propostas","","","HEIM143 - POST: /propostas/diaVencimento_zero(-)",""
"passed","Fri Dec 15 19:37:25 UTC 2023","Fri Dec 15 19:37:26 UTC 2023","648","Camada de Integração - CI","Cadastro","Contas","","","PIER097 - POST: /api/contas_limiteParcelas_somente_zeros(-)",""
"failed","Fri Dec 15 19:42:00 UTC 2023","Fri Dec 15 19:42:01 UTC 2023","573","Camada de Integração - CI","Negocio","RFN01-Cartao sem adicional nao transacional(+)","","","PIER134 - POST: /api/pessoas-detalhes/incluir_detalhes_pessoa(+)",""
"failed","Fri Dec 15 19:36:49 UTC 2023","Fri Dec 15 19:36:50 UTC 2023","946","Camada de Integração - CI","Cadastro","Endereços","","","PIER118 - POST: /api/enderecos/id_pessoa_caractere_especial(-)",""
"passed","Fri Dec 15 19:37:42 UTC 2023","Fri Dec 15 19:37:42 UTC 2023","579","Camada de Integração - CI","Cadastro","Contas","","","HEIM108 - GET:/api/contas/{id}/extratos /v2",""
"passed","Fri Dec 15 19:45:33 UTC 2023","Fri Dec 15 19:45:33 UTC 2023","610","Camada de Integração - CI","Adesoes","","","","PIER066 - GET:pier/v2/api/adesoes-pagamentos-sabados N/A",""
"passed","Fri Dec 15 19:40:46 UTC 2023","Fri Dec 15 19:40:49 UTC 2023","2725","Camada de Integração - CI","Cartão","","","","PIER146 - GET:/api/cartoes/{id}/limites-disponibilidades",""
"failed","Fri Dec 15 19:36:28 UTC 2023","Fri Dec 15 19:36:28 UTC 2023","581","Camada de Integração - CI","Cadastro","Pessoas","","","PIER134 - POST: /api/pessoas-detalhes/tam_nome_>60(-)",""
"failed","Fri Dec 15 19:35:50 UTC 2023","Fri Dec 15 19:35:51 UTC 2023","608","Camada de Integração - CI","Cadastro","Propostas","","","HEIM143 - POST: /propostas/ramal_tam>_4(-)",""
"passed","Fri Dec 15 19:44:19 UTC 2023","Fri Dec 15 19:44:19 UTC 2023","797","Camada de Integração - CI","Negocio","RFN04-Gerar cartao com adicional transacional(+)","","","https://1fpay-front-402813542107.auth.sa-east-1.amazoncognito.com/oauth2/token",""
"passed","Fri Dec 15 19:36:06 UTC 2023","Fri Dec 15 19:36:07 UTC 2023","641","Camada de Integração - CI","Cadastro","Propostas","","","HEIM143 - POST: /propostas/diaVencimento_letra(-)",""
"passed","Fri Dec 15 19:40:40 UTC 2023","Fri Dec 15 19:40:40 UTC 2023","642","Camada de Integração - CI","Cartão","","","","PIER104 - POST:/api/contas/{id}/gerar-cartao-virtual",""
"failed","Fri Dec 15 19:36:53 UTC 2023","Fri Dec 15 19:36:53 UTC 2023","616","Camada de Integração - CI","Cadastro","Endereços","","","PIER118 - POST: /api/enderecos/idTipoendereco_dentro_dominio(+)",""
"failed","Fri Dec 15 19:36:05 UTC 2023","Fri Dec 15 19:36:06 UTC 2023","604","Camada de Integração - CI","Cadastro","Propostas","","","HEIM143 - POST: /propostas/diaVencimento_>_31(-)",""
"passed","Fri Dec 15 19:36:08 UTC 2023","Fri Dec 15 19:36:08 UTC 2023","598","Camada de Integração - CI","Cadastro","Propostas","","","HEIM143 - POST: /propostas/limiteGlobal_vazio(-)",""
"failed","Fri Dec 15 19:38:14 UTC 2023","Fri Dec 15 19:38:14 UTC 2023","759","Camada de Integração - CI","Cadastro","Telefones","","","PIER138 - POST: /api/telefones_ddd_vazio(-)",""
"passed","Fri Dec 15 19:45:26 UTC 2023","Fri Dec 15 19:45:29 UTC 2023","2784","Camada de Integração - CI","Faturas","","","","PIER006 - GET:/api/faturas N/A",""
"failed","Fri Dec 15 19:36:42 UTC 2023","Fri Dec 15 19:36:42 UTC 2023","647","Camada de Integração - CI","Cadastro","Pessoas","","","PIER130 - PUT: /api/pessoas/{id}_dataNascimento_formato_invalido(-)",""
"failed","Fri Dec 15 19:38:12 UTC 2023","Fri Dec 15 19:38:13 UTC 2023","790","Camada de Integração - CI","Cadastro","Telefones","","","PIER138 - POST: /api/telefones_tamanho_maior_que_9(-)",""
"passed","Fri Dec 15 19:37:34 UTC 2023","Fri Dec 15 19:37:34 UTC 2023","598","Camada de Integração - CI","Cadastro","Contas","","","PIER110 - POST : /api/contas/${idConta}/reativar",""
"passed","Fri Dec 15 19:36:59 UTC 2023","Fri Dec 15 19:37:02 UTC 2023","3222","Camada de Integração - CI","Cadastro","Contas","","","PIER068 - POST: pier/v2/api/adesoes-pagamentos-sabados",""
"passed","Fri Dec 15 19:37:46 UTC 2023","Fri Dec 15 19:37:47 UTC 2023","611","Camada de Integração - CI","Cadastro","Contas","","","PIER009 - GET:/api/contas/{id}/consultar-beneficio-pagamento-atraso",""
"failed","Fri Dec 15 19:35:56 UTC 2023","Fri Dec 15 19:35:56 UTC 2023","622","Camada de Integração - CI","Cadastro","Propostas","","","HEIM143 - POST: /propostas/CEP_vazio(-)",""
"passed","Fri Dec 15 19:40:14 UTC 2023","Fri Dec 15 19:40:15 UTC 2023","693","Camada de Integração - CI","Cadastro","Adicional","","","PIER011 - POST: /api/contas/{id}/idTipoTelefone_letra(-)",""
"failed","Fri Dec 15 19:36:56 UTC 2023","Fri Dec 15 19:36:57 UTC 2023","647","Camada de Integração - CI","Cadastro","Endereços","","","PIER117 - GET: /api/enderecos_idPessoa_vazio(-)",""
"failed","Fri Dec 15 19:37:50 UTC 2023","Fri Dec 15 19:37:51 UTC 2023","647","Camada de Integração - CI","Cadastro","Contas","","","PIER050 - GET: /api/dados-bancarios-conta",""
"failed","Fri Dec 15 19:39:55 UTC 2023","Fri Dec 15 19:39:56 UTC 2023","618","Camada de Integração - CI","Cadastro","Adicional","","","PIER011 - POST: /api/contas/{id}/cadastrar-adicional_dataEmissaoIdentidade_formato_invalido(-)",""
"passed","Fri Dec 15 19:36:57 UTC 2023","Fri Dec 15 19:36:58 UTC 2023","564","Camada de Integração - CI","Cadastro","Contas","","","CARA001 - POST:/dock/ajustes-financeiros N/A",""
"passed","Fri Dec 15 19:37:47 UTC 2023","Fri Dec 15 19:37:48 UTC 2023","721","Camada de Integração - CI","Cadastro","Contas","","","PIER025 - GET:/contas/{id}/faturas/fechadas/ N/A",""
"failed","Fri Dec 15 19:40:31 UTC 2023","Fri Dec 15 19:40:32 UTC 2023","650","Camada de Integração - CI","Cartão","","","","PIER108 - POST: /api/contas/{id}/pessoas/{id_pessoa}/gerar-cartao_idPessoa_inexistente(-)",""
"passed","Fri Dec 15 19:40:50 UTC 2023","Fri Dec 15 19:40:51 UTC 2023","798","Camada de Integração - CI","Cartão","","","","PIER085 - /api/cartoes/{id}/cvv-dinamico",""
"failed","Fri Dec 15 19:35:48 UTC 2023","Fri Dec 15 19:35:49 UTC 2023","643","Camada de Integração - CI","Cadastro","Propostas","","","HEIM143 - POST: /propostas/telefone_#_celular(-)",""
"failed","Fri Dec 15 19:42:06 UTC 2023","Fri Dec 15 19:43:07 UTC 2023","61633","Camada de Integração - CI","Negocio","RFN02-Cartao sem adicional transacional(+)","","","3 - PIER054 - GET: /api/pessoas",""
"failed","Fri Dec 15 19:40:03 UTC 2023","Fri Dec 15 19:40:04 UTC 2023","601","Camada de Integração - CI","Cadastro","Adicional","","","PIER011 - POST: /api/contas/{id}/email_vazio(-)",""
"passed","Fri Dec 15 19:40:07 UTC 2023","Fri Dec 15 19:40:07 UTC 2023","647","Camada de Integração - CI","Cadastro","Adicional","","","PIER011 - POST: /api/contas/{id}/campo_id_letra(-)",""
"failed","Fri Dec 15 19:40:57 UTC 2023","Fri Dec 15 19:40:58 UTC 2023","772","Camada de Integração - CI","Negocio","RFN01-Cartao sem adicional nao transacional(+)","","","HEIM143 - POST: /propostas/incluir_proposta(+)",""
"failed","Fri Dec 15 19:39:54 UTC 2023","Fri Dec 15 19:39:55 UTC 2023","632","Camada de Integração - CI","Cadastro","Adicional","","","PIER011 - POST: /api/contas/{id}/cadastrar-adicional_dataEmissaoIdentidade_letra(-)",""
"failed","Fri Dec 15 19:36:43 UTC 2023","Fri Dec 15 19:36:44 UTC 2023","850","Camada de Integração - CI","Cadastro","Pessoas","","","PIER136 - PUT: /api/pessoas-detalhes/{id}",""
"passed","Fri Dec 15 19:37:41 UTC 2023","Fri Dec 15 19:37:42 UTC 2023","578","Camada de Integração - CI","Cadastro","Contas","","","HEIM019 - GET:/api/contas/{id}/faturas/{dataVencimento}/representacao-numerica /v2",""
"failed","Fri Dec 15 19:36:31 UTC 2023","Fri Dec 15 19:36:32 UTC 2023","592","Camada de Integração - CI","Cadastro","Pessoas","","","PIER134 - POST: /api/pessoas-detalhes/ NumeroContacorrente_maior_15_caracteres(-)",""
"passed","Fri Dec 15 19:37:42 UTC 2023","Fri Dec 15 19:37:45 UTC 2023","2564","Camada de Integração - CI","Cadastro","Contas","","","PIER004 - GET:/api/contas/{id}/consultar-dados-pagamento-fatura N/A",""
"passed","Fri Dec 15 19:37:49 UTC 2023","Fri Dec 15 19:37:49 UTC 2023","610","Camada de Integração - CI","Cadastro","Contas","","","PIER035 - /api/contas",""
"failed","Fri Dec 15 19:36:00 UTC 2023","Fri Dec 15 19:36:01 UTC 2023","809","Camada de Integração - CI","Cadastro","Propostas","","","HEIM143 - POST: /propostas/pais_tam_>20(-)",""
"failed","Fri Dec 15 19:35:49 UTC 2023","Fri Dec 15 19:35:50 UTC 2023","579","Camada de Integração - CI","Cadastro","Propostas","","","HEIM143 - POST: /propostas/ramal_vazio(-)",""
"failed","Fri Dec 15 19:38:14 UTC 2023","Fri Dec 15 19:38:15 UTC 2023","704","Camada de Integração - CI","Cadastro","Telefones","","","PIER138 - POST: /api/telefones_ddd_letra(-)",""
"failed","Fri Dec 15 19:36:25 UTC 2023","Fri Dec 15 19:36:25 UTC 2023","690","Camada de Integração - CI","Cadastro","Pessoas","","","PIER129 - GET: api/pessoas/{id} - id inexistente(-)",""
"failed","Fri Dec 15 19:39:46 UTC 2023","Fri Dec 15 19:39:47 UTC 2023","648","Camada de Integração - CI","Cadastro","Adicional","","","PIER011 - POST: /api/contas/{id}/cadastrar-adicional_sexo_vazio(-)",""
"failed","Fri Dec 15 19:45:22 UTC 2023","Fri Dec 15 19:45:22 UTC 2023","605","Camada de Integração - CI","Negocio","RFN04-Gerar cartao com adicional transacional(+)","","","PIER134 - POST: /api/pessoas-detalhes/incluir_detalhes_pessoa(+)",""
"failed","Fri Dec 15 19:40:04 UTC 2023","Fri Dec 15 19:40:05 UTC 2023","617","Camada de Integração - CI","Cadastro","Adicional","","","PIER011 - POST: /api/contas/{id}/email_tam>_100(-)",""
"failed","Fri Dec 15 19:35:34 UTC 2023","Fri Dec 15 19:35:35 UTC 2023","1637","Camada de Integração - CI","Cadastro","Propostas","","","HEIM143 - POST: /propostas/nome_somente_numérico(-)",""
"passed","Fri Dec 15 19:36:58 UTC 2023","Fri Dec 15 19:36:58 UTC 2023","626","Camada de Integração - CI","Cadastro","Contas","","","CARA004 - POST:/dock/p2ptransfer",""
"failed","Fri Dec 15 19:36:52 UTC 2023","Fri Dec 15 19:36:53 UTC 2023","616","Camada de Integração - CI","Cadastro","Endereços","","","PIER118 - POST: /api/enderecos/idTipoendereco_fora_dominio(-)",""
"failed","Fri Dec 15 19:40:58 UTC 2023","Fri Dec 15 19:42:00 UTC 2023","61970","Camada de Integração - CI","Negocio","RFN01-Cartao sem adicional nao transacional(+)","","","PIER054 - GET: /api/pessoas",""
"failed","Fri Dec 15 19:40:17 UTC 2023","Fri Dec 15 19:40:18 UTC 2023","695","Camada de Integração - CI","Cadastro","Adicional","","","PIER011 - POST: /api/contas/{id}/ddd_tam_>_3(-)",""
"passed","Fri Dec 15 19:40:08 UTC 2023","Fri Dec 15 19:40:09 UTC 2023","647","Camada de Integração - CI","Cadastro","Adicional","","","PIER011 - POST: /api/contas/{id}/campo_id_duplo_zero(-)",""
"passed","Fri Dec 15 19:40:44 UTC 2023","Fri Dec 15 19:40:45 UTC 2023","690","Camada de Integração - CI","Cartão","","","","PIER073 - GET:/api/cartoes/{id}",""
"failed","Fri Dec 15 19:36:28 UTC 2023","Fri Dec 15 19:36:29 UTC 2023","869","Camada de Integração - CI","Cadastro","Pessoas","","","PIER134 - POST: /api/pessoas-detalhes/numeroBanco_>_esperado(-)",""
"failed","Fri Dec 15 19:36:18 UTC 2023","Fri Dec 15 19:36:20 UTC 2023","2778","Camada de Integração - CI","Cadastro","Pessoas","","","PIER054 - GET: /api/pessoas/cpf_inexistente(-)",""
"passed","Fri Dec 15 19:37:36 UTC 2023","Fri Dec 15 19:37:36 UTC 2023","594","Camada de Integração - CI","Cadastro","Contas","","","HEIM030 - POST:/api/contas/{id}/pagamentos/fatura-cartao /v3",""
"passed","Fri Dec 15 19:36:14 UTC 2023","Fri Dec 15 19:36:14 UTC 2023","562","Camada de Integração - CI","Cadastro","Pessoas","","","HEIM010 - GET:/api/atendimentos/pessoas /v3",""
"passed","Fri Dec 15 19:38:01 UTC 2023","Fri Dec 15 19:38:01 UTC 2023","578","Camada de Integração - CI","Cadastro","Contas","","","CARA008 - GET:/p2ptransfer N/A",""
"passed","Fri Dec 15 19:38:00 UTC 2023","Fri Dec 15 19:38:01 UTC 2023","595","Camada de Integração - CI","Cadastro","Contas","","","PIER114 - GET:/api/contas/{id}/transacoes/listar-processadas N/A",""
"failed","Fri Dec 15 19:40:19 UTC 2023","Fri Dec 15 19:40:20 UTC 2023","584","Camada de Integração - CI","Cadastro","Adicional","","","PIER011 - POST: /api/contas/{id}/telefone_tam_>_9(-)",""
"passed","Fri Dec 15 19:38:04 UTC 2023","Fri Dec 15 19:38:05 UTC 2023","704","Camada de Integração - CI","Cadastro","Contas","","","HEIM009 - Consultar Saldo Conta Digital",""
"failed","Fri Dec 15 19:43:09 UTC 2023","Fri Dec 15 19:43:10 UTC 2023","587","Camada de Integração - CI","Negocio","RFN02-Cartao sem adicional transacional(+)","","","7 - PIER138 - POST: /api/telefones_inclui_telefone(+)",""
"failed","Fri Dec 15 19:36:46 UTC 2023","Fri Dec 15 19:36:48 UTC 2023","2827","Camada de Integração - CI","Cadastro","Endereços","","","PIER118 - POST: /api/enderecos/id_pessoa_branco(-)",""
"passed","Fri Dec 15 19:40:01 UTC 2023","Fri Dec 15 19:40:02 UTC 2023","709","Camada de Integração - CI","Cadastro","Adicional","","","PIER011 - POST: /api/contas/{id}/idParentesco_letra(-)",""
"failed","Fri Dec 15 19:40:26 UTC 2023","Fri Dec 15 19:40:27 UTC 2023","648","Camada de Integração - CI","Cadastro","Adicional","","","PIER098 - GET: /api/contas/{id}/adicionais_inexistente(-)",""
"failed","Fri Dec 15 19:37:20 UTC 2023","Fri Dec 15 19:37:21 UTC 2023","601","Camada de Integração - CI","Cadastro","Contas","","","PIER097 - POST: /api/contas_limteGlobal_>_permitido(-)",""
"failed","Fri Dec 15 19:38:22 UTC 2023","Fri Dec 15 19:38:23 UTC 2023","671","Camada de Integração - CI","Cadastro","Telefones","","","PIER138 - POST: /api/telefones_idPessoa_inexistente(-)",""
"broken","Fri Dec 15 19:45:25 UTC 2023","Fri Dec 15 19:45:26 UTC 2023","68","Camada de Integração - CI","Negocio","RFN04-Gerar cartao com adicional transacional(+)","","","cards/v1/cards/activate",""
"failed","Fri Dec 15 19:36:30 UTC 2023","Fri Dec 15 19:36:31 UTC 2023","611","Camada de Integração - CI","Cadastro","Pessoas","","","PIER134 - POST: /api/pessoas-detalhes/ numeroagencia_>_5(-)",""
"failed","Fri Dec 15 19:37:09 UTC 2023","Fri Dec 15 19:37:10 UTC 2023","631","Camada de Integração - CI","Cadastro","Contas","","","PIER097 - POST: /api/contas_idProduto_inexistente(-)",""
"failed","Fri Dec 15 19:35:43 UTC 2023","Fri Dec 15 19:35:44 UTC 2023","586","Camada de Integração - CI","Cadastro","Propostas","","","HEIM143 - POST: /propostas/ddd_>_99(-)",""
"failed","Fri Dec 15 19:44:15 UTC 2023","Fri Dec 15 19:44:16 UTC 2023","789","Camada de Integração - CI","Negocio","RFN03-Cartao com adicional nao transacional(+)","","","PIER138 - POST: /api/telefones_inclui_telefone(+)",""
"passed","Fri Dec 15 19:39:57 UTC 2023","Fri Dec 15 19:39:58 UTC 2023","695","Camada de Integração - CI","Cadastro","Adicional","","","PIER011 - POST: /api/contas/{id}/idEstadoCivil_vazio(-)",""
"failed","Fri Dec 15 19:39:46 UTC 2023","Fri Dec 15 19:39:46 UTC 2023","757","Camada de Integração - CI","Cadastro","Adicional","","","PIER011 - POST: /api/contas/{id}/cadastrar-adicional_dataNascimento_vazio(-)",""
"passed","Fri Dec 15 19:40:35 UTC 2023","Fri Dec 15 19:40:36 UTC 2023","704","Camada de Integração - CI","Cartão","","","","PIER076 - POST /api/cartoes/{idCartao}/cancelar",""
"failed","Fri Dec 15 19:40:15 UTC 2023","Fri Dec 15 19:40:16 UTC 2023","665","Camada de Integração - CI","Cadastro","Adicional","","","PIER011 - POST: /api/contas/{id}/idTipoTelefone_#_dominio(-)",""
"failed","Fri Dec 15 19:36:27 UTC 2023","Fri Dec 15 19:36:28 UTC 2023","549","Camada de Integração - CI","Cadastro","Pessoas","","","PIER134 - POST: /api/pessoas-detalhes/incluir_datalhes_pessoa(+)",""
"failed","Fri Dec 15 19:40:03 UTC 2023","Fri Dec 15 19:40:03 UTC 2023","632","Camada de Integração - CI","Cadastro","Adicional","","","PIER011 - POST: /api/contas/{id}/idParentesco_fora_dominio(-)",""
"passed","Fri Dec 15 19:39:59 UTC 2023","Fri Dec 15 19:39:59 UTC 2023","740","Camada de Integração - CI","Cadastro","Adicional","","","PIER011 - POST: /api/contas/{id}/idNacionalidade_vazio(-)",""
"failed","Fri Dec 15 19:36:35 UTC 2023","Fri Dec 15 19:36:35 UTC 2023","559","Camada de Integração - CI","Cadastro","Pessoas","","","PIER134 - POST: /api/pessoas-detalhes/ numeroDependentes_>_255(-)",""
"failed","Fri Dec 15 19:37:16 UTC 2023","Fri Dec 15 19:37:17 UTC 2023","584","Camada de Integração - CI","Cadastro","Contas","","","PIER097 - POST: /api/contas_diaVencimento_produto_carmen_steffens(+)",""
"failed","Fri Dec 15 19:42:02 UTC 2023","Fri Dec 15 19:42:03 UTC 2023","710","Camada de Integração - CI","Negocio","RFN01-Cartao sem adicional nao transacional(+)","","","PIER108 - POST: /api/contas/{id}/pessoas/{id_pessoa}/gerar-cartao",""
"passed","Fri Dec 15 19:38:09 UTC 2023","Fri Dec 15 19:38:11 UTC 2023","2603","Camada de Integração - CI","Cadastro","Contas","","","HEIM049 - DELETE:/api/contas/{id}/debitos-automaticos/{idDebito} /v2",""
"passed","Fri Dec 15 19:38:05 UTC 2023","Fri Dec 15 19:38:05 UTC 2023","610","Camada de Integração - CI","Cadastro","Contas","","","HEIM108 - GET:/api/contas/{id}/extratos /v2",""
"failed","Fri Dec 15 19:35:39 UTC 2023","Fri Dec 15 19:35:39 UTC 2023","655","Camada de Integração - CI","Cadastro","Propostas","","","HEIM143 - POST: /propostas/sexo_numerico(-)",""
"passed","Fri Dec 15 19:40:28 UTC 2023","Fri Dec 15 19:40:29 UTC 2023","616","Camada de Integração - CI","Cartão","","","","PIER108 - POST: /api/contas/{id}/pessoas/{id_pessoa}/gerar-cartao_sem_id_conta(-)",""
"failed","Fri Dec 15 19:35:54 UTC 2023","Fri Dec 15 19:35:54 UTC 2023","708","Camada de Integração - CI","Cadastro","Propostas","","","HEIM143 - POST: /propostas/bairro_vazio(-)",""
"passed","Fri Dec 15 19:37:24 UTC 2023","Fri Dec 15 19:37:25 UTC 2023","663","Camada de Integração - CI","Cadastro","Contas","","","PIER097 - POST: /api/contas_limiteParcelas_letras(-)",""
"failed","Fri Dec 15 19:38:28 UTC 2023","Fri Dec 15 19:38:29 UTC 2023","600","Camada de Integração - CI","Cadastro","Telefones","","","PIER137 - GET: /api/telefones_idPessoa_vazio(-)",""
"failed","Fri Dec 15 19:39:45 UTC 2023","Fri Dec 15 19:39:46 UTC 2023","633","Camada de Integração - CI","Cadastro","Adicional","","","PIER011 - POST: /api/contas/{id}/cadastrar-adicional_dataNascimento_letra(-)",""
"failed","Fri Dec 15 19:35:36 UTC 2023","Fri Dec 15 19:35:37 UTC 2023","615","Camada de Integração - CI","Cadastro","Propostas","","","HEIM143 - POST: /propostas/sem_dt_nasc(-)",""
"passed","Fri Dec 15 19:40:43 UTC 2023","Fri Dec 15 19:40:44 UTC 2023","876","Camada de Integração - CI","Cartão","","","","PIER052 - GET:/pier/v2/api/limites-disponibilidades",""
"failed","Fri Dec 15 19:39:49 UTC 2023","Fri Dec 15 19:39:50 UTC 2023","663","Camada de Integração - CI","Cadastro","Adicional","","","PIER011 - POST: /api/contas/{id}/cadastrar-adicional_numeroIdentidade_tam_>_18(-)",""
"passed","Fri Dec 15 19:37:18 UTC 2023","Fri Dec 15 19:37:18 UTC 2023","617","Camada de Integração - CI","Cadastro","Contas","","","PIER097 - POST: /api/contas_limteGlobal_vazio(-)",""
"passed","Fri Dec 15 19:40:45 UTC 2023","Fri Dec 15 19:40:46 UTC 2023","704","Camada de Integração - CI","Cartão","","","","PIER083 - GET:/api/cartoes/{id}/cvv-dinamico",""
"failed","Fri Dec 15 19:39:36 UTC 2023","Fri Dec 15 19:39:37 UTC 2023","648","Camada de Integração - CI","Cadastro","Adicional","","","PIER097 - POST: /api/contas/incluir_conta(+)",""
"failed","Fri Dec 15 19:45:23 UTC 2023","Fri Dec 15 19:45:24 UTC 2023","586","Camada de Integração - CI","Negocio","RFN04-Gerar cartao com adicional transacional(+)","","","PIER138 - POST: /api/telefones_inclui_telefone(+)",""
"passed","Fri Dec 15 19:38:08 UTC 2023","Fri Dec 15 19:38:09 UTC 2023","551","Camada de Integração - CI","Cadastro","Contas","","","HEIM016 - PATCH: /api/contas/{id}",""
"passed","Fri Dec 15 19:35:52 UTC 2023","Fri Dec 15 19:35:53 UTC 2023","631","Camada de Integração - CI","Cadastro","Propostas","","","HEIM143 - POST: /propostas/valorRenda_letra(-)",""
"failed","Fri Dec 15 19:38:21 UTC 2023","Fri Dec 15 19:38:22 UTC 2023","616","Camada de Integração - CI","Cadastro","Telefones","","","PIER138 - POST: /api/telefones_idPessoa_letra(-)",""
"failed","Fri Dec 15 19:36:36 UTC 2023","Fri Dec 15 19:36:37 UTC 2023","658","Camada de Integração - CI","Cadastro","Pessoas","","","PIER134 - POST: /api/pessoas-detalhes/ numeroCnh_>_15_caracteres(-)",""
"failed","Fri Dec 15 19:39:38 UTC 2023","Fri Dec 15 19:39:38 UTC 2023","898","Camada de Integração - CI","Cadastro","Adicional","","","PIER011 - POST: /api/contas/{id}/cadastrar-adicional(+)",""
"passed","Fri Dec 15 19:43:10 UTC 2023","Fri Dec 15 19:43:11 UTC 2023","647","Camada de Integração - CI","Negocio","RFN02-Cartao sem adicional transacional(+)","","","8 - PIER108 - POST: /api/contas/{id}/pessoas/{id_pessoa}/gerar-cartao",""
"failed","Fri Dec 15 19:39:36 UTC 2023","Fri Dec 15 19:39:36 UTC 2023","601","Camada de Integração - CI","Cadastro","Adicional","","","PIER118 - POST: /api/enderecos/incluir_endereco(+)",""
"passed","Fri Dec 15 19:37:51 UTC 2023","Fri Dec 15 19:37:54 UTC 2023","2862","Camada de Integração - CI","Cadastro","Contas","","","PIER052 - GET:/pier/v2/api/limites-disponibilidades",""
"failed","Fri Dec 15 19:37:14 UTC 2023","Fri Dec 15 19:37:14 UTC 2023","570","Camada de Integração - CI","Cadastro","Contas","","","PIER097 - POST: /api/contas_diaVencimento_produto_pefisa(+)",""
"passed","Fri Dec 15 19:36:04 UTC 2023","Fri Dec 15 19:36:04 UTC 2023","653","Camada de Integração - CI","Cadastro","Propostas","","","HEIM143 - POST: /propostas/idOrigemComercial_numero_letra(-)",""
"failed","Fri Dec 15 19:36:53 UTC 2023","Fri Dec 15 19:36:54 UTC 2023","648","Camada de Integração - CI","Cadastro","Endereços","","","PIER118 - POST: /api/enderecos/cep_vazio(-)",""
"passed","Fri Dec 15 19:35:45 UTC 2023","Fri Dec 15 19:35:46 UTC 2023","609","Camada de Integração - CI","Cadastro","Propostas","","","HEIM143 - POST: /propostas/idTipoTelefone_letra(-)",""
"passed","Fri Dec 15 19:38:07 UTC 2023","Fri Dec 15 19:38:08 UTC 2023","704","Camada de Integração - CI","Cadastro","Contas","","","PIER125 - PUT:/api/limites-disponibilidades",""
"failed","Fri Dec 15 19:35:59 UTC 2023","Fri Dec 15 19:35:59 UTC 2023","641","Camada de Integração - CI","Cadastro","Propostas","","","HEIM143 - POST: /propostas/uf_vazio(-)",""
"passed","Fri Dec 15 19:40:40 UTC 2023","Fri Dec 15 19:40:43 UTC 2023","2956","Camada de Integração - CI","Cartão","","","","PIER002 - GET: /api/cartoes [D]",""
"passed","Fri Dec 15 19:37:03 UTC 2023","Fri Dec 15 19:37:06 UTC 2023","2883","Camada de Integração - CI","Cadastro","Contas","","","PIER097 - POST: /api/contas_idPessoa_vazio(-)",""
"passed","Fri Dec 15 19:37:20 UTC 2023","Fri Dec 15 19:37:20 UTC 2023","648","Camada de Integração - CI","Cadastro","Contas","","","PIER097 - POST: /api/contas_limteGlobal_4_casas_zero(-)",""
"failed","Fri Dec 15 19:45:26 UTC 2023","Fri Dec 15 19:45:26 UTC 2023","757","Camada de Integração - CI","Negocio","RFN04-Gerar cartao com adicional transacional(+)","","","PIER073 - GET:/api/cartoes/{id}",""
"failed","Fri Dec 15 19:39:48 UTC 2023","Fri Dec 15 19:39:48 UTC 2023","633","Camada de Integração - CI","Cadastro","Adicional","","","PIER011 - POST: /api/contas/{id}/cadastrar-adicional_sexo_fora_dominio(-)",""
"failed","Fri Dec 15 19:36:41 UTC 2023","Fri Dec 15 19:36:42 UTC 2023","616","Camada de Integração - CI","Cadastro","Pessoas","","","PIER130 - PUT: /api/pessoas/{id}_dataNascimento_vazio(-)",""
"failed","Fri Dec 15 19:38:32 UTC 2023","Fri Dec 15 19:38:33 UTC 2023","603","Camada de Integração - CI","Cadastro","Telefones","","","PIER140 - GET: /api/telefones/em_branco(-)",""
"passed","Fri Dec 15 19:35:42 UTC 2023","Fri Dec 15 19:35:42 UTC 2023","594","Camada de Integração - CI","Cadastro","Propostas","","","HEIM143 - POST: /propostas/ddd_00(-)",""
"failed","Fri Dec 15 19:40:05 UTC 2023","Fri Dec 15 19:40:05 UTC 2023","602","Camada de Integração - CI","Cadastro","Adicional","","","PIER011 - POST: /api/contas/{id}/email_formato_invalido(-)",""
"failed","Fri Dec 15 19:35:46 UTC 2023","Fri Dec 15 19:35:47 UTC 2023","615","Camada de Integração - CI","Cadastro","Propostas","","","HEIM143 - POST: /propostas/idTipoTelefone_fora_dominio(-)",""
"passed","Fri Dec 15 19:36:40 UTC 2023","Fri Dec 15 19:36:41 UTC 2023","602","Camada de Integração - CI","Cadastro","Pessoas","","","HEIM070 - /api/pessoas/{id}/cadastro /v1_naturalidadeEstado_#_dominio(-)",""
"failed","Fri Dec 15 19:35:33 UTC 2023","Fri Dec 15 19:35:34 UTC 2023","602","Camada de Integração - CI","Cadastro","Propostas","","","HEIM143 - POST: /propostas/sem_nome(-)",""
"failed","Fri Dec 15 19:39:47 UTC 2023","Fri Dec 15 19:39:48 UTC 2023","664","Camada de Integração - CI","Cadastro","Adicional","","","PIER011 - POST: /api/contas/{id}/cadastrar-adicional_sexo_numerico(-)",""
"passed","Fri Dec 15 19:37:35 UTC 2023","Fri Dec 15 19:37:36 UTC 2023","610","Camada de Integração - CI","Cadastro","Contas","","","HEIM013 - POST:/api/cartoes-embossing/{idCartao}/imprimir /v1",""
"passed","Fri Dec 15 19:37:31 UTC 2023","Fri Dec 15 19:37:32 UTC 2023","631","Camada de Integração - CI","Cadastro","Contas","","","PIER102 - POST - /api/contas/{id}/bloquear",""
"failed","Fri Dec 15 19:36:51 UTC 2023","Fri Dec 15 19:36:52 UTC 2023","648","Camada de Integração - CI","Cadastro","Endereços","","","PIER118 - POST: /api/enderecos/idTipoendereco_letra(-)",""
"passed","Fri Dec 15 19:36:44 UTC 2023","Fri Dec 15 19:36:45 UTC 2023","976","Camada de Integração - CI","Cadastro","Pessoas","","","POST:/api/pessoas/atualizacao-cadastral ?",""
"passed","Fri Dec 15 19:37:29 UTC 2023","Fri Dec 15 19:37:30 UTC 2023","655","Camada de Integração - CI","Cadastro","Contas","","","PIER097 - POST: /api/contas_valorRenda_vazio(-)",""
"failed","Fri Dec 15 19:35:55 UTC 2023","Fri Dec 15 19:35:56 UTC 2023","649","Camada de Integração - CI","Cadastro","Propostas","","","HEIM143 - POST: /propostas/numero_endereco_letra(-)",""
